<?xml version="1.0" encoding="UTF-8" standalone="yes"?>
<addon id="repository.dab" name="DaButcher Repository" version="1.1" provider-name="DaButcher">
	<extension point="xbmc.addon.repository" name="DaB Repository">
		<info compressed="false">https://raw.githubusercontent.com/DaButch3r/repository.dab/master/zips/addons.xml</info>
		<checksum>https://raw.githubusercontent.com/DaButch3r/repository.dab/master/zips/addons.xml.md5</checksum>
		<datadir zip="true">https://raw.githubusercontent.com/DaButch3r/repository.dab/master/zips/</datadir>
	</extension>
	<extension point="xbmc.addon.metadata">
		<summary>DaButcher Repo</summary>
		<description>Home of DaOnlyWizard</description>
		<platform>all</platform>
	</extension>
</addon>
